{
  "size-scale": {
    "base": "1rem",
    "300": "0.8rem",
    "500": "1.25rem",
    "600": "1.56rem",
    "700": "1.95rem",
    "800": "2.44rem",
    "900": "3.05rem",
    "max": "4rem"
  },
  "colors": {
    "primary": "#173854",
    "primary-shade": "#102538",
    "primary-glare": "#22547c",
    "highlight": "#fedb8b",
    "light": "#ffffff",
    "mid": "#cccccc",
    "dark": "#333333",
    "slate": "#404040"
  },
  "fonts": {
    "base": "\"-apple-system, BlinkMacSystemFont, 'Segoe UI', Roboto, Helvetica, Arial, sans-serif, 'Apple Color Emoji', 'Segoe UI Emoji', 'Segoe UI Symbol'\"",
    "serif": "\"'Lora', serif\""
  }
}
